<?xml version='1.0' encoding='utf-8' standalone='yes' ?>
<map>
    <string name="prev_event_name">number_verified</string>
    <long name="prev_event_timestamp" value="1761200706177" />
    <int name="appsFlyerInAppEventCount" value="6" />
    <string name="afUninstallToken">dF_Ib9OcQxKjVQoPMx-E09:APA91bHx1L19I0AOJRqlPGXw3QR-uC3GYy6bIspq_So0-ByK27SJ_MFdqsT9puolx7hxD85AbSNwuZnY88gFiwJKC3yRb61UHEZ8VbqUZ1GYhPEfzMGo3P0</string>
    <long name="prev_session_dur" value="3" />
    <boolean name="ddl_sent" value="true" />
    <long name="af_rc_max_age" value="86400" />
    <string name="sentSuccessfully">true</string>
    <int name="versionCode" value="202523002" />
    <string name="af_remote_config">eyJmZWF0dXJlcyI6e30sInZlciI6ImRlZmF1bHQudjEuMTYzNzE0OTUyOSJ9</string>
    <boolean name="sentRegisterRequestToAF" value="true" />
    <string name="savedProperties">{&quot;uid&quot;:&quot;1759736250491-1725961032849231618&quot;,&quot;waitForCustomerId&quot;:&quot;false&quot;,&quot;logLevel&quot;:&quot;0&quot;,&quot;AppUserId&quot;:&quot;239090db767ed953&quot;}</string>
    <string name="AF_INSTALLATION">1759736250491-1725961032849231618</string>
    <boolean name="afUninstallToken_queued" value="false" />
    <int name="appsFlyerCount" value="9" />
    <long name="AppsFlyerTimePassedSincePrevLaunch" value="1761200682376" />
    <boolean name="newGPReferrerSent" value="true" />
    <long name="af_rc_timestamp" value="1761200633243" />
    <string name="first_launch">{&quot;net&quot;:872,&quot;from_fg&quot;:1022,&quot;start_with&quot;:&quot;application&quot;,&quot;init_to_fg&quot;:42}</string>
    <string name="appsFlyerFirstInstall">2025-10-06_130730+0530</string>
    <long name="afUninstallToken_received_time" value="1761200642611" />
    <string name="attributionId">{&quot;install_time&quot;:&quot;2025-10-06 07:37:33.269&quot;,&quot;af_message&quot;:&quot;organic install&quot;,&quot;af_status&quot;:&quot;Organic&quot;,&quot;is_first_launch&quot;:false}</string>
</map>
