<?xml version='1.0' encoding='utf-8' standalone='yes' ?>
<map>
    <string name="prev_event_name">first_launch</string>
    <long name="prev_event_timestamp" value="1761224377420" />
    <int name="appsFlyerInAppEventCount" value="5" />
    <string name="afUninstallToken">cRK8iMPTQZSJVkZMGyYR8s:APA91bF1Bf3UzkjLdjeUvPYTIkIIN5TRrFiH8wwJRTDcf1uxdPM41Hb76ihhOdP6f-9IbFMZtr-Fspz_0GFLWETNEw40lc2iJTvKdgUAtbS7w-cdUrp3Lbs</string>
    <long name="prev_session_dur" value="17" />
    <boolean name="ddl_sent" value="true" />
    <long name="af_rc_max_age" value="86400" />
    <string name="sentSuccessfully">true</string>
    <int name="versionCode" value="202523002" />
    <string name="af_remote_config">eyJmZWF0dXJlcyI6e30sInZlciI6ImRlZmF1bHQudjEuMTYzNzE0OTUyOSJ9</string>
    <boolean name="sentRegisterRequestToAF" value="true" />
    <string name="savedProperties">{&quot;uid&quot;:&quot;1761209476580-8423388337063572597&quot;,&quot;waitForCustomerId&quot;:&quot;false&quot;,&quot;logLevel&quot;:&quot;0&quot;,&quot;AppUserId&quot;:&quot;239090db767ed953&quot;}</string>
    <string name="AF_INSTALLATION">1761209476580-8423388337063572597</string>
    <boolean name="afUninstallToken_queued" value="false" />
    <int name="appsFlyerCount" value="6" />
    <long name="af_rc_timestamp" value="1761209477017" />
    <long name="AppsFlyerTimePassedSincePrevLaunch" value="1761224362626" />
    <boolean name="newGPReferrerSent" value="true" />
    <string name="first_launch">{&quot;net&quot;:986,&quot;from_fg&quot;:567,&quot;start_with&quot;:&quot;application&quot;,&quot;init_to_fg&quot;:194}</string>
    <string name="appsFlyerFirstInstall">2025-10-23_142116+0530</string>
    <long name="afUninstallToken_received_time" value="1761209479115" />
    <string name="attributionId">{&quot;install_time&quot;:&quot;2025-10-23 08:51:20.223&quot;,&quot;af_message&quot;:&quot;organic install&quot;,&quot;af_status&quot;:&quot;Organic&quot;,&quot;is_first_launch&quot;:false}</string>
</map>
