<?xml version='1.0' encoding='utf-8' standalone='yes' ?>
<map>
    <string name="prev_event_name">first_launch</string>
    <long name="prev_event_timestamp" value="1761266424648" />
    <int name="appsFlyerInAppEventCount" value="3" />
    <string name="gcd">{&quot;net&quot;:4762,&quot;retries&quot;:0}</string>
    <string name="afUninstallToken">fOFUjDTFRYSWGDS1p1WrVl:APA91bEZyIo3NPr9QH042ne5e1eFwvZtU74y3coIoksfbC6WfkLumKO75FgrCIk6skALRUTKcN4swBJJvN5PIst_2fOAAttCOW85xSYxJV3fHopvAUBsXqU</string>
    <boolean name="ddl_sent" value="true" />
    <long name="af_rc_max_age" value="86400" />
    <string name="sentSuccessfully">true</string>
    <int name="versionCode" value="202523002" />
    <string name="af_remote_config">eyJmZWF0dXJlcyI6e30sInZlciI6ImRlZmF1bHQudjEuMTYzNzE0OTUyOSJ9</string>
    <boolean name="sentRegisterRequestToAF" value="true" />
    <string name="savedProperties">{&quot;uid&quot;:&quot;1761266396557-7872188591447106169&quot;,&quot;waitForCustomerId&quot;:&quot;false&quot;,&quot;logLevel&quot;:&quot;0&quot;,&quot;AppUserId&quot;:&quot;239090db767ed953&quot;}</string>
    <string name="AF_INSTALLATION">1761266396557-7872188591447106169</string>
    <boolean name="afUninstallToken_queued" value="false" />
    <int name="appsFlyerCount" value="1" />
    <long name="AppsFlyerTimePassedSincePrevLaunch" value="1761266398019" />
    <boolean name="newGPReferrerSent" value="true" />
    <long name="af_rc_timestamp" value="1761266397067" />
    <string name="first_launch">{&quot;net&quot;:1027,&quot;from_fg&quot;:1288,&quot;start_with&quot;:&quot;application&quot;,&quot;init_to_fg&quot;:221}</string>
    <string name="appsFlyerFirstInstall">2025-10-24_060956+0530</string>
    <long name="afUninstallToken_received_time" value="1761266399625" />
    <string name="attributionId">{&quot;install_time&quot;:&quot;2025-10-24 00:39:59.456&quot;,&quot;af_message&quot;:&quot;organic install&quot;,&quot;af_status&quot;:&quot;Organic&quot;,&quot;is_first_launch&quot;:false}</string>
</map>
