<?xml version='1.0' encoding='utf-8' standalone='yes' ?>
<map>
    <long name="first_open_time" value="1761200569751" />
    <string name="gmp_app_id">1:412826138735:android:8a32f791e415634f2ff59a</string>
    <string name="app_instance_id">f5eb03a09e812329f3d25cc2d723b73a</string>
    <boolean name="app_backgrounded" value="false" />
    <long name="session_id" value="1761200571" />
    <long name="health_monitor:start" value="1761200570241" />
    <boolean name="use_service" value="true" />
    <boolean name="deferred_analytics_collection" value="false" />
    <string name="default_event_parameters">[{&quot;n&quot;:&quot;sc_session_id&quot;,&quot;v&quot;:&quot;3184201998_26f3e2df-adaf-420b-b511-bbac53276e05&quot;,&quot;t&quot;:&quot;s&quot;}]</string>
    <string name="previous_os_version">11</string>
    <boolean name="has_been_opened" value="true" />
    <boolean name="allow_remote_dynamite" value="true" />
    <long name="last_pause_time" value="1761200710214" />
    <boolean name="start_new_session" value="false" />
</map>
