<?xml version='1.0' encoding='utf-8' standalone='yes' ?>
<map>
    <long name="first_open_time" value="1761209475006" />
    <string name="gmp_app_id">1:412826138735:android:8a32f791e415634f2ff59a</string>
    <string name="app_instance_id">809433f542463c070d086fe1ba577508</string>
    <long name="session_id" value="1761224288" />
    <boolean name="app_backgrounded" value="true" />
    <long name="health_monitor:start" value="1761209475529" />
    <boolean name="use_service" value="true" />
    <boolean name="deferred_analytics_collection" value="false" />
    <string name="default_event_parameters">[{&quot;n&quot;:&quot;sc_session_id&quot;,&quot;v&quot;:&quot;3184201998_a82ef965-f961-4351-996a-3a0ae2caa141&quot;,&quot;t&quot;:&quot;s&quot;}]</string>
    <string name="previous_os_version">11</string>
    <boolean name="has_been_opened" value="true" />
    <boolean name="allow_remote_dynamite" value="true" />
    <long name="last_pause_time" value="1761224380825" />
    <boolean name="start_new_session" value="false" />
</map>
