<?xml version='1.0' encoding='utf-8' standalone='yes' ?>
<map>
    <set name="fire-cls/18.4.1 fire-analytics/21.3.0 fire-analytics-ktx/21.3.0 fire-fcm/23.2.1 kotlin/2.0.0 fire-abt/21.1.1 fire-sessions/1.0.2 device-name/X675-GL fire-cls-ndk/18.4.1 fire-core/20.3.3 fire-android/30 fire-perf-ktx/unspecified android-installer/com.google.android.packageinstaller android-min-sdk/21 fire-fst-ktx/unspecified android-platform/ device-model/Infinix-X675 fire-transport/18.1.8 android-target-sdk/36 fire-perf/20.4.1 device-brand/Infinix fire-core-ktx/unspecified fire-fst/24.7.1 fire-db-ktx/unspecified fire-fcm-ktx/unspecified fire-installations/17.1.4 fire-rc/21.4.1 fire-rtdb/20.2.2">
        <string>2025-10-23</string>
    </set>
    <long name="fire-count" value="1" />
    <string name="last-used-date">2025-10-23</string>
    <long name="fire-global" value="1761224298336" />
</map>
