<?xml version='1.0' encoding='utf-8' standalone='yes' ?>
<map>
    <long name="com.google.firebase.perf.NetworkRequestSamplingRate" value="4602218445743629470" />
    <boolean name="com.google.firebase.perf.ExperimentTTID" value="true" />
    <boolean name="com.google.firebase.perf.SdkEnabled" value="true" />
    <long name="com.google.firebase.perf.TraceSamplingRate" value="4600645343363717951" />
    <long name="com.google.firebase.perf.TimeLimitSec" value="600" />
    <string name="com.google.firebase.perf.LogSourceName">FIREPERF</string>
    <string name="com.google.firebase.perf.SdkDisabledVersions"></string>
    <long name="com.google.firebase.perf.TraceEventCountForeground" value="300" />
    <long name="com.google.firebase.perf.TraceEventCountBackground" value="30" />
</map>
