{"Fid":"flaE8IHqQk2-CV7DMrb2mE","Status":3,"AuthToken":"eyJhbGciOiJFUzI1NiIsInR5cCI6IkpXVCJ9.eyJhcHBJZCI6IjE6NDEyODI2MTM4NzM1OmFuZHJvaWQ6OGEzMmY3OTFlNDE1NjM0ZjJmZjU5YSIsImV4cCI6MTc2MTgyOTEwNiwiZmlkIjoiZmxhRThJSHFRazItQ1Y3RE1yYjJtRSIsInByb2plY3ROdW1iZXIiOjQxMjgyNjEzODczNX0.AB2LPV8wRQIhAKcqTrDGdpIN_sDx4rKPf4VnOTHR3IFyw1iyN-K3451OAiAVeVil8dt5ey1uSRV3E-6-ngj88pJrvkrmkHF6N5_DXQ","RefreshToken":"3_AS3qfwJm0XM6bvDYpig7H_HLEsq7NZiLRMeqzSdAI9JXPmoDLx1P7pXjRhqvN8HOsJ-__6XJnAKJp7Nk_cVy7CCsGtps1atVOZpGG_E7lVJyG4k","TokenCreationEpochInSecs":1761224304,"ExpiresInSecs":604800}