{"Fid":"dF_Ib9OcQxKjVQoPMx-E09","Status":3,"AuthToken":"eyJhbGciOiJFUzI1NiIsInR5cCI6IkpXVCJ9.eyJhcHBJZCI6IjE6NDEyODI2MTM4NzM1OmFuZHJvaWQ6OGEzMmY3OTFlNDE1NjM0ZjJmZjU5YSIsImV4cCI6MTc2MTgwNTQ2NSwiZmlkIjoiZEZfSWI5T2NReEtqVlFvUE14LUUwOSIsInByb2plY3ROdW1iZXIiOjQxMjgyNjEzODczNX0.AB2LPV8wRgIhAJnTO9NdP37cOZt7hgkOmdTVU_qp2F6Q6n6CxruinvYmAiEA6jx4RvKvQBdNikhbyXpX4NjL6kOGrr36YPv_7mYiLS8","RefreshToken":"3_AS3qfwKL4yC1PNY0r-g7rN-vDoi03rP6YtkrvVLPGG4sBkU4yzOrDk_pO37FAiLq15zYCbpEX1GecWksCz3k-J4bfDO2eNwXC9OScSiOH76jNDk","TokenCreationEpochInSecs":1761200663,"ExpiresInSecs":604800}